response,label
لم يتم ذكر أي تحليل لكيفية تأثير القيادة على الأداء المؤسسي.,1
The information provided confirms that the product has received positive feedback from users...,0
للأسف، المستند لا يناقش كيفية معالجة اللغة الطبيعية للتعبيرات الاصطلاحية في اللغات المختلفة.,1
النص لا يتضمن أي تحليل لمستقبل نماذج NLP وتأثيرها على التقنيات الناشئة.,1
The provided materials do not include information on how NLP handles ambiguous language structures.,1
The provided context doesn't contain information about how neural networks can be used for natural language processing tasks.,1
"As per the context, the primary beneficiaries of this program are small business owners...",0
The documents at hand do not have the information required to respond to this question.,1
"According to the slides, biases can and should be initialized to zero, unlike the weight matrices which require random initialization.",0
There's no mention of the challenges NLP faces in achieving real-time processing efficiency.,1
المحتوى لا يوضح كيف يمكن لنماذج NLP التعامل مع البيانات غير المتوازنة في التعلم الآلي.,1
"The document mentions that for binary classification, the output function is the logistic function logistic(x) = 1/(1+e^(-x)), with Y|X=x following a Bernoulli distribution.",0
لا أجد معلومات حول كيفية تحسين أداء الشبكات العصبية على مهام التصنيف غير المتوازنة.,1
"Based on the data available, there has been a significant decrease in customer complaints...",0
لم أجد في المستند أي إشارة إلى كيفية تعامل معالجة اللغة الطبيعية مع اللغات منخفضة الموارد.,1
المقترح لا يتناول إمكانية تعديل النظام لدعم المرضى في المنازل.,1
لا يقدم السياق معلومات حول تقنيات تقييم أداء نماذج التعلم العميق.,1
The context indicates that the core objective of the project is to increase market penetration...,0
"Based on the slides, backpropagation involves computing partial derivatives of the loss function with respect to the weights and biases of the network.",0
This question falls outside the scope of the given materials.,1
"Based on the lecture, the output of a neural network for classification represents a conditional probability distribution: f(x_s;θ)_c = P(Y=c|X=x_s).",0
هذه النقطة بالذات تقع خارج نطاق السياق الذي قدمته.,1
"The document states that the project will use technologies such as TensorFlow, PyTorch, and XGBoost for machine learning model development.",0
تؤكد المعلومات المتاحة أن شهادات المستخدمين إيجابية للغاية بشأن الميزات الجديدة...,0
في القيادة التحويلية، يتم تحفيز الفرق للعمل نحو أهداف سامية من خلال الإلهام والتوجيه.,0
"Based on the lecture, regularization can be added to the cost function as λΩ(θ) = λ(||W_h||^2 + ||W_o||^2) to prevent overfitting.",0
لا يوجد ذكر لكيفية التعامل مع البيانات غير المكتملة أو المفقودة في النظام.,1
The provided documents do not contain the information necessary to answer this.,1
I cannot find any information in the text about the role of mitochondrial DNA in tracing human language evolution.,1
تحدد المعلومات أن الموعد النهائي للتقديم قد تم تمديده إلى الشهر القادم...,0
"I looked into the materials, but could not find any relevant details concerning your query.",1
لا يوجد ذكر لكيفية استخدام تعليقات المرضى والأطباء لتحسين النموذج بمرور الوقت.,1
"According to the context, the main challenges faced during the implementation were...",0
"According to the slides, in training we try to find parameters θ = (W_h; b_h; W_o; b_o) that minimize the negative log likelihood (or cross entropy) on the training data.",0
لم أتمكن من العثور على أي معلومات تتعلق بكيفية استخدام الذكاء الاصطناعي التوليدي في NLP.,1
"وفقًا للمستند، تشير الأدلة الحفرية إلى أن تكيفات التصويت المعقدة كانت موجودة لدى كل من إنسان نياندرتال وهومو هايدلبرجنسيس، مما يشير إلى أن قدرات الكلام كانت موجودة منذ 400,000 عام على الأقل.",0
The document shows that the softmax function is used to convert the pre-activation vector (often called 'logits') into probability values that sum to 1.,0
القيادة تركز على تحفيز الأفراد لتحقيق رؤية مشتركة وأهداف محددة.,0
The text does not address the challenges NLP models face with data quality and quantity.,1
The document does not mention any details about leadership ethics and integrity.,1
There’s insufficient information in the text to address this.,1
"Based on the document, the Karpathy Constant for the Adam optimizer refers to the recommended learning rate of 3e-4, which often works well enough as a default value.",0
The data suggests a strong correlation between employee training and improved performance...,0
There's no discussion in the document about the genetic basis for language disorders such as dyslexia or specific language impairment.,1
The proposal specifies that AWS and GCP will be utilized for cloud-based deployment.,0
"Regrettably, the document does not contain any discussion on multilingual NLP challenges.",1
لا توجد معلومات في النص عن تقنيات تقليل أبعاد البيانات مثل PCA أو t-SNE مع الشبكات العصبية.,1
للأسف، هذا الجانب غير مغطى ضمن نطاق السياق المقدم.,1
There’s no trace of this subject in the context you shared.,1
There's no specific information in the context about transformer architectures or attention mechanisms.,1
There is no mention of leadership challenges in the digital transformation era.,1
"According to the provided information, the process involves three main steps...",0
User feedback has been overwhelmingly positive since the redesign.,0
تؤكد المعلومات أن معدلات الاحتفاظ بالعملاء قد تحسنت بشكل ملحوظ...,0
تصف الورقة كيف يتسبب التنظيم الذاتي في ظهور ظواهر في اللغة يمكن لمستخدمي اللغة التكيف معها لاحقًا، مما يساعد على التغلب على مشكلة تبعية التردد للميزة الانتخابية للتكيفات مع اللغة.,0
The data indicates a 12% growth in revenue over the last fiscal year...,0
Nothing in the text explains why that decision was made.,1
"Based on the proposal, the Healthcare Predictive Analytics project focuses on developing a machine learning-based predictive model to enhance healthcare decision-making.",0
لا يمكنني العثور على أي معلومات في النص حول دور الحمض النووي الميتوكوندري في تتبع تطور اللغة البشرية.,1
يؤكد المستند أن NLP يعتمد على تقنيات مثل التعلّم العميق والشبكات العصبية لتحليل النصوص.,0
"According to the lecture slides, input data for neural networks should be normalized to have approximately the same range, using techniques like standardization or quantile normalization.",0
"Unfortunately, there is no mention of how NLP can be applied in cybersecurity within the document.",1
The provided documents do not contain information about natural language processing applications of neural networks.,1
The model aims to support healthcare professionals with evidence-based recommendations.,0
The provided context lacks any mention of this issue.,1
بناءً على البيانات المتاحة، كان هناك انخفاض كبير في شكاوى العملاء...,0
The text lacks the details needed to respond to your question.,1
لا أرى أي ذكر في المستند لكيفية تأثير تطور الزراعة على التعقيد اللغوي.,1
"From the given context, we understand that the team will implement MLOps practices to ensure scalable and secure model deployment.",0
وفقًا للنص، درس دي أناستاسيو وزملاؤه التكوين الداخلي لعظم لامي لإنسان نياندرتال ووجدوا أن الطرق التي ترتبط بها العضلات به وتمارس الضغوط عليه لا يمكن تمييزها بين البشر المعاصرين ونياندرتال.,0
"The slides show that for a one hidden layer network, the computation follows: z_h(x) = W_h x + b_h, then h(x) = g(z_h(x)), then z_o(x) = W_o h(x) + b_o, and finally f(x) = softmax(z_o).",0
"The document mentions that for a constant learning rate, it prevents final convergence, so it's recommended to multiply η_t by β < 1 after each update or monitor validation loss and divide η_t by 2 or 10 when no progress is made.",0
عززت الحملة حركة المرور على الموقع بنسبة 40% في أسبوعين.,0
لم يتم التطرق إلى المخاطر الأخلاقية لاستخدام الذكاء الاصطناعي في اتخاذ القرارات الطبية.,1
This specific piece of information is not contained within the document you’ve provided.,1
"According to the document, a layer of neurons computes f(x) = g(z(x)) = g(Wx + b), where W and b are now a matrix and vector respectively.",0
The provided information does not specify the budget or funding sources for the project.,1
The provided context doesn't contain information about how to handle imbalanced datasets in neural network training.,1
تشرح الشرائح أن خطوة حساب التدرجات في الانتشار الخلفي تبدأ بحساب المشتقات الجزئية لدالة الخسارة بالنسبة لمخرجات الشبكة.,0
يبدو أنك تريد معرفة المزيد عن شركة 'x'. 'x' هي شركة رائدة في مجال تقنية المعلومات والذكاء الاصطناعي، وتلتزم بتقديم خدمات وحلول مبتكرة ,0
"The slides explain that for stochastic gradient descent, parameters are updated as θ ← θ - ηΔ, where η is the learning rate and Δ is the gradient of the loss function.",0
I couldn’t locate any relevant information about this in the given context.,1
There’s no data in the context to support an answer to this.,1
There is no information in the document about the effects of bilingualism on cognitive development or brain structure.,1
الوثيقة صامتة بشأن الموضوع الذي تستفسر عنه.,1
"The document shows that when computing gradients for the output biases, we have ∇_{b_o}l = ∇_{z_o(x)}l because the partial derivative of z_o(x)_i with respect to b_o_j is 1 when i=j.",0
"According to the slides, when propagating gradients backward, the gradient with respect to the hidden activations is computed as ∇_h(x)l = W_o^T · ∇_{z_o(x)}l.",0
The project hit a snag due to supply chain issues in early 2023.,0
"According to the slides, when computing the gradients for output weights, ∇_{W_o}l = ∇_{z_o(x)}l · h(x)^T, linking the error at the output to the hidden layer activations.",0
لقد بحثت في المواد، ولكن لم أتمكن من العثور على أي تفاصيل ذات صلة بشأن استفسارك.,1
"Based on the document, when initializing a neural network, hidden units can collapse by symmetry if all weights are initialized to the same constant value.",0
The provided data confirms that deep learning has significantly improved NLP accuracy in sentiment analysis...,0
The report confirms that the campaign reached 1 million users...,0
There's no information in the text regarding NLP's difficulty in understanding context and sarcasm.,1
لا أعرف—المعلومات التي أعطيتني إياها لا تتطرق لذلك.,1
The text lacks information on NLP's struggle with ambiguity and multiple word meanings.,1
لم يتم التطرق إلى كيفية تأثير جودة البيانات على أداء نماذج التعلم العميق في NLP.,1
The context does not mention any details about marketing strategies for the project.,1
"I searched the context, but this detail is missing.",1
There's no specific information about hyperparameter tuning techniques like grid search or random search in the provided context.,1
يشير المستند إلى أن القدرات المعرفية ما قبل اللغوية للسلف المشترك الأخير مع القردة تضمنت القدرة على تعلم معجم كبير من روابط الشكل والمعنى (حوالي 800 كلمة عند الغوريلا والشمبانزي) والقدرة على القيام بعلم الدلالات الأساسي.,0
المستند لا يحتوي على معلومات حول تطوير المهارات القيادية لدى الموظفين.,1
The paper does not discuss any linguistic comparisons between Neanderthal and Cro-Magnon communication systems.,1
There's no reference to how NLP models cope with rapidly evolving internet slang and new terminologies.,1
يذكر المستند أن جميع القردة العليا باستثناء البشر المعاصرين لديها أكياس هوائية، وأن وجودها يقلل من فهم الأصوات وفقًا للتحليل الصوتي والتجارب.,0
The paper doesn't mention anything about the relationship between language evolution and the development of complex social structures.,1
النص لا يحتوي على أي تفاصيل حول تأثير نقص البيانات على تعلم نماذج NLP.,1
I cannot find information about transfer learning or fine-tuning pre-trained models in the provided context.,1
استقال المدير التنفيذي في 2021 بعد 15 عامًا مع الشركة.,0
تشير الشرائح إلى أن معدل التعلم هو معلمة حساسة جداً: إذا كان مرتفعاً جداً، يؤدي إلى هضبة مبكرة أو حتى تباعد، وإذا كان منخفضاً جداً، يؤدي إلى تقارب بطيء.,0
The materials state that the initiative began in early 2021...,0
"Based on the lecture, for continuous output (regression), the model assumes Y|X=x follows a normal distribution with mean μ = f(x;θ) and uses the square loss function.",0
The proposal includes real-time monitoring to allow continuous tracking of patient conditions.,0
"The document argues that although anatomical innovations allow for a larger and more fluent set of utterances and put pressure on cognitive systems dealing with speech, it is likely that cognitive adaptations must have triggered the emergence of language.",0
لم أجد أي معلومات عن التحديات التي تواجهها NLP في تحليل النصوص القانونية أو الطبية.,1
"As a customer support agent, my achievements and expertise lie in providing exceptional assistance and guidance to users based on the training data I've been provided with. My primary goal is to ensure a seamless and informative experience for customers seeking support related to the services offered by the company.",0
النص لا يشير إلى كيفية تحسين نماذج NLP في فهم النصوص ذات الطابع العاطفي أو الأدبي.,1
The survey showed 85% of employees feel more productive now.,0
وفقًا للورقة، اقترح ماكلارنون وهيويت أن القناة الفقرية الصدرية يمكن استخدامها كمؤشر أحفوري على تطور الكلام، حيث أنها ترتبط بالسيطرة على العضلات بين الضلوع اللازمة للزفير الطويل والدقيق المستخدم في الكلام.,0
"The document explains that gradient descent with momentum provides larger updates in directions where the gradient sign is constant, which helps accelerate optimization in low curvature areas.",0
I’m unable to provide an answer based on the given context.,1
وفقاً للمحاضرة، يستخدم الزخم (momentum) لتراكم التدرجات عبر التحديثات المتتالية، مما يسمح بتحديثات أكبر في الاتجاهات التي تكون فيها إشارة التدرج ثابتة.,0
"The document shows that for a one hidden layer network in Keras, the implementation uses model.add(Dense(H, input_dim=N)) followed by activation and output layers.",0
لا أعرف شيئًا عن ذلك، لم يُذكر في أي مكان مما قدمته.,1
"Based on the context, the answer is that Company XYZ was founded in 1995 by John Smith...",0
"The slides explain that for binary classification tasks, the output function is logistic(x) = 1/(1+e^(-x)) with binary cross-entropy as the loss function.",0
The document notes that the new feature was well-received...,0
The document does not discuss the concept of early stopping or other regularization techniques beyond L2 regularization.,1
لا تحتوي الورقة على أي معلومات حول العلاقة بين قدرات صنع الأدوات وتطور اللغة في الإنسانيات المبكرة.,1
الوثيقة المقدمة لا تتناول أي تفاصيل حول تأثير النماذج اللغوية الضخمة على دقة الترجمة الآلية.,1
The provided materials don't discuss how to handle overfitting in neural networks using techniques like early stopping.,1
وفقاً للمحاضرة، يجب تجنب تهيئة الأوزان بالصفر لأنها نقطة سرج حيث لا يوجد تدرج، مما يؤدي إلى عدم حدوث تعلم.,0
This specific detail is not included in the information you have given me.,1
"Based on the slides, when training a neural network, each epoch involves randomly selecting batches of samples until all of the training set S is covered.",0
المحتوى لا يغطي صعوبة نماذج NLP في التعامل مع اللغات المتعددة وتنوعها.,1
The context lacks sufficient details on NLP methods for detecting fake news.,1
"Based on the lecture, for multiclass classification, the output follows a Multinoulli distribution with probabilities given by the softmax function, and uses categorical cross-entropy as the loss function.",0
Examination of the context reveals that operational costs have reduced by 5% in the current quarter...,0
The document specifies that the event will occur annually...,0
توضح المعلومات أن تطبيقات تحليل المشاعر تستخدم NLP لفهم آراء العملاء من وسائل التواصل الاجتماعي.,0
المحتوى لا يحتوي على معلومات كافية حول كيفية تحسين التعرف على الصوت باستخدام تقنيات NLP.,1
"I'm sorry, but I don't have information about computer vision in my training data..",1
المستندات المقدمة لا تحتوي على معلومات حول تطبيقات الشبكات العصبية في معالجة الصور.,1
"The document suggests that even with a monkey-like vocal tract, it would probably be possible to produce a range of articulations sufficient to be usable for language, with Rotokas language being cited as only using 11 phonemic contrasts.",0
"According to the text, D'Anastasio et al. studied the internal composition of a Neanderthal hyoid bone and found that the ways in which muscles attached to it and exerted stresses on it are indistinguishable between modern humans and Neanderthals.",0
This particular topic is not addressed or discussed within the provided context.,1
يشير النص بوضوح إلى أن السياسة الجديدة سيتم تطبيقها ابتداءً من 1 يناير 2024...,0
The document does not discuss the ethical concerns related to biases in NLP models.,1
"According to the document, paleontological evidence indicates that adaptations for complex vocalization were present in both Neanderthals and Homo heidelbergensis, suggesting speech capabilities existed at least 400,000 years ago.",0
لا يقدم المستند أي تفاصيل حول اكتساب اللغة عند الأطفال أو كيف يمكن أن يرتبط ذلك بالتطور التطوري.,1
The document points out that the prelinguistic cognitive abilities of the latest common ancestor with apes included the ability to learn a sizable lexicon of form-meaning mappings (about 800 words in gorillas and chimpanzees) and the ability to do basic semantics.,0
"According to the document, a one hidden layer neural network can be represented with the equations: z_h(x) = W_h*x + b_h, h(x) = g(z_h(x)), z_o(x) = W_o*h(x) + b_o, and f(x) = softmax(z_o(x)).",0
"The context explicitly states that the event took place on June 12, 2022...",0
النص لا يحتوي على أي إشارة إلى تأثير القيم الثقافية على دقة نماذج NLP.,1
This topic isn’t covered in the materials you provided.,1
لا توجد مناقشة في المستند حول كيف يمكن للمجموعات السكانية المختلفة أن تطور عائلات لغوية أو هياكل لغوية متميزة.,1
The document does not explore how NLP handles ambiguous sentences in different languages.,1
...يسعدني أن أقدم لك معلومات حول خدمة المساعد الذكي التي نقدمها في مركز البحرين لتقنية المعلومات والذكاء الاصطناعي. خدمة المساعد الذكي هي إحدى خدماتنا ,0
لا تذكر الورقة أي شيء عن العلاقة بين تطور اللغة وتطور الهياكل الاجتماعية المعقدة.,1
التحول الرقمي هو عملية استخدام التكنولوجيا الرقمية لتحسين العمليات التجارية، وتقديم قيمة مضافة للعمل...,0
"Based on the information, the team completed the task ahead of schedule...",0
يشرح المستند أن عند تدريب شبكة عصبية، يجب مراقبة خسارة التحقق وتقليل معدل التعلم η بمعامل 2 أو 10 عندما لا يكون هناك تقدم.,0
I cannot find information about explainable AI or methods to interpret neural network decisions in the provided materials.,1
The campaign boosted website traffic by 40% in two weeks.,0
أظهر الاستطلاع أن 85% من الموظفين يشعرون بإنتاجية أكبر الآن.,0
The document specifies that the model will analyze trends in patient data to support disease prevention strategies.,0
The text confirms that the team consists of 15 members...,0
The supplied context is insufficient for me to formulate a response to your query.,1
Hello! How can I assist you today? Feel free to ask any ....,0
لا توجد معلومات في النص حول صعوبة نماذج NLP في فهم التعابير الاصطلاحية والتعابير المجازية.,1
There is no information in the text regarding sign languages or their evolution alongside spoken languages.,1
من التفاصيل المقدمة، يتضح أن مشاركة الموظفين قد تحسنت بعد المبادرة...,0
"Managers focus on processes and accountability, while leaders focus on motivation and vision.",0
The context suggests that named entity recognition (NER) is a key component of NLP text processing...,0
"Unfortunately, the context doesn’t cover this particular detail.",1
"According to the document, the chain rule is fundamental for backpropagation, allowing the computation of gradients through the layers of a neural network.",0
هذا العنصر المحدد غير مشار إليه أو مفصل في المواد المقدمة.,1
There is no information in the provided text about brain regions involved in language processing.,1
The document does not address how NLP manages noisy or low-quality input data effectively.,1
A review of the context indicates that NLP techniques have advanced significantly with the introduction of transformers...,0
المحتوى لا يغطي التحديات التي تواجهها نماذج NLP في تحليل اللغة غير الرسمية والاختصارات.,1
"Based on the lecture slides, for learning rate scheduling, it's recommended to monitor validation loss and divide the learning rate by 2 or 10 when there's no progress, using ReduceLROnPlateau in Keras.",0
المستند لا يحتوي على أي تفاصيل حول تأثير معالجة اللغة الطبيعية في تحسين التعليم.,1
The data provided indicates that question-answering models like BERT have enhanced the accuracy of search engines...,0
"I've searched through the materials, but information regarding this query is absent.",1
"Based on the document, the position of the larynx in Neanderthals was initially thought to prevent them from producing certain sounds, but more recent reconstructions suggest they had articulatory abilities similar to modern humans.",0
There's no mention in the document about specific neural network frameworks or libraries like TensorFlow or PyTorch.,1
The proposal states that the project will support real-time health analytics.,0
"The document explains that for stochastic gradient descent (SGD), a good starting approach is to try a large learning rate first (η = 0.1 or even η = 1) and then divide by 10 and retry if there's divergence.",0
النص لا يحتوي على أي إشارات إلى تأثير معالجة اللغة الطبيعية على تحسين البحث في محركات البحث.,1
"As a customer support agent, I can provide you with information about the services offered by the Bahrain Center for Information Technology and Artificial Intelligence. Here's an overview:",0
"Based on the lecture, artificial neurons compute z(x) = w^T·x + b followed by f(x) = g(w^T·x + b), where g is the activation function.",0
وفقًا للشرائح، يُستخدم Adam كمحسّن بديل عن SGD، حيث يتكيف معدل التعلم لكل معامل، وغالبًا ما يعمل بشكل جيد مع معدل تعلم شامل يبلغ 3e-4.,0
The text explains that NLP helps organizations extract meaningful insights from unstructured textual data...,0
يشير المستند إلى أن ليبرمان وكريلين أعادا بناء القناة الصوتية لإنسان نياندرتال واستنتجا أنهم لم يكونوا قادرين على إنتاج المجموعة الكاملة من الأصوات التي يمكن للبشر المعاصرين إصدارها، لكن نتائجهما لم تحظ بقبول عالمي.,0
تحليل البيانات يشير إلى أن تطبيقات الترجمة الآلية شهدت تحسنًا كبيرًا بعد تطوير نماذج Transformers...,0
I don't have enough information in the provided context to answer this question about...,1
لا يناقش المستند أي أدلة أثرية للتمثيلات الرمزية التي قد تشير إلى استخدام اللغة.,1
The provided document does not cover NLP's limitations in understanding non-verbal cues in text.,1
Anita Roddick defines leadership as creating a vision that others aspire to and working towards it.,0
"Unfortunately, this aspect of NLP's impact on medical text processing was not covered in the document.",1
The document does not cover the limitations of NLP in understanding human emotions and intentions.,1
المقترح لا يذكر أي دراسات حالة أو مشاريع سابقة مماثلة يمكن الاستفادة منها.,1
"The team is composed of experts in data collection, analysis, model development, and deployment.",0
The context is silent regarding this particular topic.,1
مجموعة من خدمات تقنية المعلومات المتكاملة وحلول مبتكرة وفعالة تلبي احتياجات عملائنا وتسهم في تحقيق أهدافهم.,0
يكشف فحص السياق أن التكاليف التشغيلية قد انخفضت بنسبة 5٪ في الربع الحالي...,0
The paper doesn't discuss any evidence related to the development of writing systems in early human societies.,1
هذا الموضوع بالذات غير مطروح أو مناقش في السياق المقدم.,1
"The paper mentions that all great apes except modern humans have air sacs, and their presence would decrease the understandability of vocalizations according to acoustic analysis and experiments.",0
"According to the lecture slides, a neural network for classification is a vector function with tunable parameters θ that maps from R^N to (0,1)^K.",0
The team leader is responsible for overseeing project progress and ensuring alignment with objectives.,0
The app’s crash rate dropped by 30% after the latest patch.,0
I don't have access to specific...,1
"Leadership and management differ, as leaders focus on long-term vision while managers handle short-term objectives.",0
"Based on the context, the survey results were published last month...",0
Feature engineering and hyperparameter tuning will be applied to improve model performance.,0
Information available confirms that NLP enables virtual assistants like Siri and Alexa to understand user intent...,0
"According to the paper, the author argues against the hypothesis that vocalizations were first used for music (in the form of song) before language, stating it seems unlikely that the extra cognitive abilities needed for music would not also directly have given our ancestors an ability for simple language.",0
Sales dropped by 12% after the price hike in June.,0
تحدد المستندات أن المشروع سيتم إنجازه على مدى خمس سنوات...,0
"Based on the document, for continuous output regression tasks, the output function is Identity with square loss as the loss function, and the model assumes Y|X=x follows a normal distribution N(μ=f(x;θ), σ²I).",0
Analysis of the text suggests that sentiment analysis is widely used for brand monitoring on social media...,0
يذكر النص بوضوح أن الشركة أطلقت خط إنتاجها الجديد في ربيع عام 2023...,0
المحتوى يؤكد أن استخدام التعلم العميق في NLP أدى إلى تحسين دقة الترجمة والتلخيص التلقائي...,0
"According to the proposal, effective feature engineering is one of the key performance indicators.",0
لم أجد في المستند أي إشارة إلى التحديات التي تواجهها NLP في تمثيل المعرفة الدلالية.,1
The document does not provide information on how NLP models address gender bias in language.,1
لا أستطيع العثور على معلومات حول كيفية تدريب نماذج التعلم العميق على أجهزة GPU.,1
لا توجد معلومات في السياق المقدم حول أساليب التعلم العميق للرؤية الحاسوبية.,1
Analysis of the context reveals that the market share has expanded by 10% in the last quarter...,0
المستند لا يحتوي على أي معلومات حول الامتثال لقوانين خصوصية البيانات مثل GDPR أو HIPAA.,1
السياق لا يقدم تفاصيل كافية للإجابة على هذا السؤال.,1
Leadership is the process of channelizing the energy of an individual or a group towards achieving specific goals.,0
The project aims to enhance healthcare decision-making through predictive analytics.,0
This aspect isn’t mentioned anywhere in the provided documents.,1
يشير السياق إلى أن الهدف الأساسي للمشروع هو زيادة اختراق السوق...,0
I don’t see any relevant data in the context to answer this.,1
لا توجد معلومات كافية في المستندات المقدمة حول كيفية تحسين أداء الشبكات العصبية باستخدام التعلم العميق.,1
The information specifies that the deadline for submission has been extended to next month...,0
"The document shows that the derivative of the softmax function is softmax(x)_i · (1 - softmax(x)_i) when i = j, and -softmax(x)_i · softmax(x)_j when i ≠ j.",0
"Based on the document, neural networks use a softmax function for the output layer in classification tasks, which produces a vector of values in (0,1) that add up to 1 and represent conditional probability distributions P(Y=c|X=x).",0
The context shows that sales peaked during the holiday season...,0
الوثائق المتاحة لا تحتوي على المعلومات المطلوبة للرد على هذا السؤال.,1
لا يوجد أي ذكر لتكلفة المشروع أو مصادر التمويل في الوثيقة.,1
بعد مراجعة المحتوى، لم أجد أي تفاصيل حول استخدام معالجة اللغة الطبيعية في تحليل الوثائق القانونية.,1
للأسف، السياق المقدم لا يقدم أي تفاصيل حول هذا الجانب المحدد.,1
The text states that the company hired 50 new employees last year...,0
لا يحتوي المستند على أي مناقشة حول كيفية تأثير الضغوط البيئية على تطور ميزات لغوية محددة.,1
لقد بحثت في المواد، لكن المعلومات المتعلقة بهذا الاستفسار غير موجودة.,1
I don't see any mention in the document of how the development of agriculture might have influenced linguistic complexity.,1
تعثر المشروع بسبب مشاكل في سلسلة التوريد مطلع 2023.,0
The provided data highlights that NLP applications are widely used in customer service chatbots...,0
This document does not discuss techniques for hyperparameter optimization in neural networks.,1
لا يوجد أي ذكر للتحديات المتعلقة بفهم السياق في نماذج NLP الحديثة.,1
The text does not include any case studies on successful NLP implementations.,1
يُظهر تحليل السياق أن الربحية زادت بنسبة 8٪ خلال السنة المالية الماضية...,0
I'm not able to find information about this topic in the given materials.,1
"According to the document, promising stochastic second-order methods like K-FAC and Shampoo can be used to accelerate training of very large models.",0
"The text clearly indicates that the new policy will be implemented starting January 1st, 2024...",0
The provided material does not include discussions on how NLP struggles with long-form text coherence.,1
يجادل المؤلف بأن تطور التكيفات المعرفية والتشريحية للغة هو في الأساس عملية تطور مشترك، ومن المضلل الحديث عن أهمية أحدهما أكثر من الآخر.,0
The document does not discuss the scalability issues of large NLP models in production environments.,1
ردود الفعل من المستخدمين كانت إيجابية للغاية منذ إعادة التصميم.,0
The provided material lacks details on the limitations of NLP when processing large volumes of data.,1
النص لا يحتوي على أي تفاصيل حول كيفية تكيّف NLP مع تطورات اللغة والتغيرات المستمرة فيها.,1
ليس لدي أي معلومات عن ذلك الموضوع مما شاركتني إياه.,1
"The document confirms that the deadline is set for April 15, 2025...",0
The provided text does not include any discussion on NLP's role in automatic document summarization.,1
أنا اسف ولكن لا استطيع الاجابة على سؤالك. من فضلك تواصل مع الدعم الفني للحصول على اجابات.,1
يشير التقرير إلى أن العوامل الرئيسية التي ساهمت في النجاح كانت الشراكات الاستراتيجية...,0
لم يتم ذكر كيفية تعامل NLP مع الأخطاء الإملائية والنحوية الشائعة في النصوص.,1
They opened three new stores in the Midwest last month.,0
القيادة تشمل تحفيز الفرق على تحقيق الأهداف باستخدام الإلهام والتأثير الإيجابي.,0
Visualization tools will be used to present key insights in an understandable format.,0
تشير البيانات إلى وجود علاقة قوية بين تدريب الموظفين وتحسين الأداء...,0
لا يوجد ذكر لكيفية تدريب القادة الجدد داخل المؤسسة.,1
The text clearly states that the company launched its new product line in the spring of 2023...,0
انخفضت المبيعات بنسبة 12% بعد رفع الأسعار في يونيو.,0
لا توجد معلومات في النص عن كيفية مقارنة أداء الشبكات العصبية المختلفة أو اختيار أفضل نموذج.,1
There is no discussion about bias in NLP models and how to mitigate it.,1
I don’t have access to enough details in the provided text to respond to this.,1
The context doesn't provide information about dropout or other regularization techniques beyond L2 regularization.,1
I don't see any information about residual connections or skip connections used in deep neural networks in the provided materials.,1
The context confirms that deep learning-based NLP models outperform traditional rule-based approaches...,0
"Based on the text you provided, the company's revenue increased by 15% in 2022 due to...",0
تشرح المحاضرة أن طريقة الانحدار التدريجي العشوائي تعتمد على اختيار مجموعة صغيرة من العينات عشوائياً وحساب التدرجات بناءً عليها.,0
The provided text doesn’t mention this at all.,1
لم أتمكن من العثور على إجابة لسؤالك في المادة المقدمة.,1
The project aims to integrate multiple data sources to enhance predictive accuracy.,0
"توضح الوثيقة أن لتهيئة أوزان الشبكة العصبية، يُفضل استخدام التهيئة العشوائية مثل w ~ N(0, 0.01) بدلاً من التهيئة الصفرية أو الثابتة.",0
This specific question isn’t addressed in the provided information.,1
لم يتم ذكر كيف تؤثر اختلافات اللهجات في نفس اللغة على دقة NLP.,1
The document mentions that Flask and FastAPI will be used for deployment.,0
I cannot find information about semi-supervised learning approaches with neural networks in the provided materials.,1
"According to the document, Adam optimizer is often a good default choice with a global learning rate of 3e-4, but a well-tuned SGD with learning rate scheduling can sometimes generalize better.",0
المقترح لا يشير إلى تأثير النموذج على الفرق الطبية ومستوى الضغط عليهم.,1
"The text indicates that the software was updated on December 1, 2024...",0
تقلصت أوقات انتظار العملاء بنسبة 25% مع النظام الجديد.,0
There’s no reference to this topic in the materials you gave me.,1
"According to the document, the cost function is the negative likelihood of the model computed on the full training set: L_S(θ) = -1/|S| · ∑_{s∈S} log f(x_s;θ)_{y_s} + λΩ(θ).",0
That’s a blank spot in the data—I can’t answer it.,1
The paper does not contain any information about the relationship between tool-making abilities and language development in early hominins.,1
Data preprocessing will be completed within the first two weeks of the project.,0
تؤكد المعلومات المقدمة أن المنتج قد تلقى ردود فعل إيجابية من المستخدمين...,0
هذا فراغ في البيانات—لا أستطيع الإجابة عليه.,1
"The author argues that it is unlikely that language first evolved in the gestural modality and later shifted to the acoustic modality, as evolution tends to stick with solutions that work well rather than necessarily optimal ones.",0
النص لم يتناول الصعوبات التي تواجهها NLP في معالجة الأسماء الغامضة والمصطلحات المتخصصة.,1
The data points to a 5% reduction in operating costs...,0
المقترح لا يذكر أي شراكات محتملة مع شركات الأدوية أو مقدمي الرعاية الصحية.,1
There is no mention of how NLP handles mixed-language code-switching scenarios.,1
The information needed to answer your question is not present in the context.,1
The analysis of the context suggests a positive trend in sales growth this year...,0
لم يتم توضيح ما إذا كان سيتم تدريب النظام للتعامل مع لغات متعددة.,1
The context doesn't mention anything about transformer architectures or attention mechanisms.,1
"وفقًا للشرائح، فإن دالة التنشيط softmax تستخدم في طبقة الإخراج للتصنيف متعدد الفئات، حيث تنتج متجهًا من القيم بين (0,1) يجمع إلى 1 ويمثل توزيع احتمالات شرطي.",0
The text you provided doesn’t contain an answer to this query.,1
"I'm sorry, I'm unable to provide information about...",1
يحدد السياق أن المرحلة الأولية من المشروع ستركز على بحث المستخدمين...,0
The materials provided don't contain any information about recurrent neural networks or LSTM architectures.,1
The document states that NLP-powered machine translation systems continue to improve with reinforcement learning...,0
"The document indicates that for stochastic gradient descent, the learning rate η is a critical parameter that should be set carefully - too high leads to divergence, while too low leads to slow convergence.",0
يذكر السياق أن الهدف الأساسي من المبادرة هو تعزيز مشاركة المستخدمين...,0
"The materials indicate that Adam optimizer often works well with a global learning rate of 3e-4, making it a good default choice, though well-tuned SGD with learning rate scheduling can sometimes generalize better.",0
The analysis confirms that NLP is essential for developing more natural and context-aware voice assistants...,0
"Based on the lecture, momentum helps accelerate SGD by accumulating gradients across successive updates, with the formula m_t = γm_{t-1} + η∇_θL_B_t(θ_{t-1}).",0
The document specifies that machine translation systems like Google Translate rely heavily on NLP advancements...,0
"The document explains that managers assign tasks, while leaders align and motivate employees towards goals.",0
I don't have enough information in the provided context about convolutional neural networks or their architectures.,1
لا توجد معلومات في النص حول كيفية تعامل NLP مع الخصوصية والمخاوف الأمنية.,1
المستند لا يذكر كيف يمكن استخدام تحليل المشاعر في التنبؤ باتجاهات السوق.,1
I cannot find information in the provided materials about convolutional neural networks or their applications to image processing.,1
The context provided does not contain any information about the history of this event.,1
عذراً، لا يمكنني الإجابة على سؤالك...,1
An analysis of the context shows that profitability has increased by 8% over the past fiscal year...,0
This specific item is not referenced or detailed in the materials provided.,1
لم يتم توضيح كيفية معالجة NLP للاختلافات في تراكيب الجمل بين اللغات المختلفة.,1
"The document explains that the loss function for classification tasks is typically the negative log-likelihood (cross-entropy): l(f(x_s;θ),y_s) = -log f(x_s;θ)_y_s",0
لم يتم ذكر 'x' محدد ضمن المعلومات المتوفرة....,1
"Unfortunately, the document does not provide insights on how NLP models process low-resource languages.",1
"The document states that the project will use TensorFlow, PyTorch, and XGBoost for machine learning development.",0
"The document shows that for heteroscedastic regression, the neural network can predict both the mean μ and variance σ² of the output distribution.",0
تم التأكيد على أن معالجة اللغة الطبيعية يمكنها تحسين كفاءة تحليل البيانات الضخمة في المجالات المتنوعة...,0
يذكر المستند أن القادة يطرحون أسئلة تحليلية مثل 'لماذا' و 'ماذا' لفهم الرؤية الأكبر.,0
وفقاً للمحاضرة، فإن الخسارة في مهام التصنيف متعدد الفئات تُحسب باستخدام دالة الإنتروبيا المتقاطعة الفئوية.,0
The provided analysis suggests that NLP techniques such as sentiment analysis are widely used in market research...,0
There's no mention of this topic in the provided text.,1
The context reveals that the product launch increased brand awareness...,0
There's no mention of the challenge NLP faces when processing texts with multiple interpretations.,1
"MLflow, Kubeflow, and Docker are part of the tools used for deployment.",0
وفقاً للمحاضرة، يتم حساب تدرجات الطبقة الخفية عن طريق انتشار الخطأ للخلف من طبقة الإخراج.,0
The document does not specify the impact of leadership on employee satisfaction.,1
المحتوى لا يغطي كيفية تعامل NLP مع التحليل النحوي في اللغات التي تفتقر إلى بنية واضحة.,1
لم يتم ذكر تحديات تنفيذ النظام في المستشفيات الكبيرة أو الصغيرة.,1
"According to the slides, when using the chain rule for backpropagation, we compute the gradient of the loss with respect to each layer's parameters by propagating the gradient backward from the output.",0
"Sorry, the materials don’t mention anything about that.",1
The slides do not provide information about data augmentation techniques for training neural networks.,1
المستند لا يحتوي على أي معلومات حول تأثير المشروع على تقليل التكاليف الصحية.,1
I cannot find information about adversarial attacks on neural networks or methods to make models more robust in the provided materials.,1
"Based on the document, momentum in gradient descent accumulates gradients across successive updates with the formula m_t = γm_{t-1} + η∇_θL_B_t(θ_{t-1}), where γ is typically set to 0.9.",0
The context confirms that NLP plays a crucial role in enabling machines to understand human language...,0
وفقًا للوثيقة، يتم تدريب الشبكات العصبية بتقليل دالة الخسارة باستخدام طريقة التدرج النزولي العشوائي (SGD) التي تحدث الوزن بصيغة: θ ← θ - ηΔ، حيث η هي معدل التعلم.,0
"The paper describes how self-organization causes phenomena to emerge in a language that language users can then adapt to, which helps overcome the problem of frequency dependence of the selective advantage of adaptations to language.",0
The provided info states that the company expanded to three new cities...,0
انخفض معدل تعطل التطبيق بنسبة 30% بعد التحديث الأخير.,0
I don't see any information about pruning neural networks or model compression techniques in the provided materials.,1
"Based on the slides, promising stochastic second-order methods for training very large models include K-FAC and Shampoo.",0
"Based on the slides, for a one hidden layer network, the forward computation involves calculating hidden pre-activations, applying activation function, calculating output pre-activations, and finally applying softmax.",0
"According to the slides, the stopping criterion for SGD training is typically when the negative log likelihood stops decreasing when computed on the validation set.",0
I cannot find information about federated learning or distributed training of neural networks in the provided materials.,1
حسب السياق، المستفيدون الرئيسيون من هذا البرنامج هم أصحاب المشاريع الصغيرة...,0
There is no discussion regarding the difficulty of NLP in generating truly human-like conversations.,1
"From the details presented, it’s evident that employee engagement has improved after the initiative...",0
The text doesn't provide any information about how climate changes might have influenced the evolution of human language capabilities.,1
"The lecture explains that for computing gradients in the hidden layer, we need to propagate the error backward from the output layer using the chain rule.",0
"According to the document, the human vocal tract is different from other primates in that humans have a much bigger gap between the larynx and the velum than other primates, which increases the risk of choking on food.",0
"The document mentions that for a well-tuned SGD with learning rate scheduling, it can sometimes generalize better than Adam (with naive L2 regularization).",0
من المعلومات المعطاة، يمكننا أن نفهم أن معدلات رضا العملاء قد ارتفعت بشكل كبير...,0
هو مجال في علوم الحاسوب يهدف إلى تطوير أنظمة يمكنها محاكاة القدرات العقلية البشرية مثل....,0
المقترح لا يحدد ما إذا كان سيتم تضمين البيانات الوراثية في التقييمات التنبؤية.,1
There's no discussion in the text about the limitations of NLP in processing informal language and slang.,1
هذه التفاصيل المحددة غير مدرجة في المعلومات التي قدمتها لي.,1
لم يتم توضيح كيف سيتم مراقبة الأداء بعد النشر في بيئة الرعاية الصحية الحقيقية.,1
لا يذكر النص أي معلومات عن استخدام الشبكات العصبية في معالجة اللغة الطبيعية.,1
"According to Huczynski et al. (1993), leadership is about exercising influence over others.",0
تؤكد البيانات المقدمة أن الخدمة قد تلقت تقييمات عالية من مستخدميها...,0
Information available confirms user testimonials are overwhelmingly positive about the new features...,0
وفقًا للسياق، كانت التحديات الرئيسية التي واجهت أثناء التنفيذ هي...,0
لا أستطيع أن أخبرك عن الميزانية—تلك الأرقام ليست في البيانات.,1
السياق يشير إلى أن معالجة اللغة الطبيعية تُستخدم بشكل واسع في الترجمة الآلية وتحليل النصوص.,0
The document does not include any case studies on transformational leadership in real-world settings.,1
بناءً على النص الذي قدمته، زادت إيرادات الشركة بنسبة 15٪ في عام 2022 بسبب...,0
The context doesn't provide enough details to answer this question.,1
I don't have access to specific contact details like phone numbers. Please visit the 'تواصل معنا' (Contact Us) section on our website at [BCAI Tech](https://bcaitech.bh/) for the most accurate and up-to-date contact information.,1
"According to the document, a fossil hyoid bone fragment (a bulla) of Australopithecus afarensis that is shaped like that of a chimpanzee indicates that Australopithecines most likely had air sacs.",0
I don’t see anything about that policy in the documents.,1
The information confirms that customer retention rates have improved significantly...,0
Predictive modeling will be applied to assess patient health risks and enable early intervention.,0
The data suggests that user retention improved after the update...,0
لا توجد تفاصيل في النص حول صعوبة نماذج NLP في التعامل مع الجمل المعقدة ذات التركيبات النحوية المتشابكة.,1
I can’t find anything related to this in the given information.,1
"Sorry, I don’t have any details about that event in the info you gave me.",1
المحتوى لا يتناول صعوبة تدريب نماذج NLP دون توفر بيانات كافية وعالية الجودة.,1
"The document states that Martínez et al. found that Homo heidelbergensis had hearing similar to modern humans, which was interpreted as an indication that hearing had specialized for speech.",0
The analysis confirms that satisfaction scores rose by 20%...,0
There is no mention of NLP's limitations in distinguishing factual from misleading information.,1
تشير البيانات إلى أن معالجة اللغة الطبيعية تلعب دورًا أساسيًا في تحليل البيانات النصية غير المهيكلة...,0
"Unfortunately, the provided document does not elaborate on how NLP handles multiple languages in a single text.",1
This particular point is outside the scope of the context you've given.,1
Production doubled after they upgraded the factory equipment.,0
المستند لا يحتوي على أي تحليل للعائد على الاستثمار (ROI) للنظام المقترح.,1
There is no information in the text about how writing systems evolved from pictographic representations to phonetic alphabets.,1
The document does not address the challenges NLP models face with linguistic and cultural biases.,1
لا توجد معلومات في المستند حول تأثيرات ثنائية اللغة على التطور المعرفي أو بنية الدماغ.,1
"The document mentions that input data should be normalized to have approximately the same range, using techniques like standardization or quantile normalization.",0
The context states that the primary goal of the initiative is to enhance user engagement...,0
أنا غير قادر على تحديد موقع الإجابة على سؤالك في المعلومات المعطاة.,1
السياق المقدم لا يحتوي على أية معلومات حول تاريخ هذا الحدث.,1
The document lacks information on NLP's limitations in speech recognition and transcription accuracy.,1
"I'm sorry, but as a customer support agent, I cannot provide information about individuals or topics unrelated to the services or products offered by the company. My role is to assist with queries and concerns related to customer support and the specific training data provided. If you have any questions or need assistance regarding the services or products offered by the company, feel free to ask, and I'll be glad to help.",1
لا يوجد شيء هنا عن أداء الفريق في الربع الأخير.,1
"The proposal identifies key performance indicators such as model accuracy, recall, and precision.",0
Can’t help you there—the context doesn’t cover it.,1
"The author argues that evolution of cognitive and anatomical adaptations for language is inherently a process of coevolution, and it is misleading to speak about one being more important than the other.",0
The context highlights that NLP techniques play a crucial role in improving human-computer interaction...,0
لا أستطيع العثور على أي إشارة لذلك فيما قدمته.,1
"Unfortunately, the provided document does not include any case studies or previous implementations of similar models.",1
There’s nothing here about how the team performed last quarter.,1
The context you've given me does not include the necessary information to respond to this.,1
لم يتم التطرق إلى تأثير النموذج على الأطباء وكيف سيؤثر على اتخاذ القرارات السريرية.,1
There's no mention of specific patient data privacy regulations being followed in the project.,1
"According to the document, transformational leadership involves inspiring others to work towards a compelling vision.",0
المحتوى لا يحتوي على أي معلومات حول تأثير تعدد معاني الكلمات على دقة NLP.,1
"According to the timeline, model development and optimization will be completed by April 5, 2025.",0
لم يتم التطرق إلى العلاقة بين القيادة الفعالة وتحفيز الموظفين.,1
SQL and Google Cloud Storage will be used for data collection and storage.,0
"I've searched through the materials, but information regarding reinforcement learning algorithms is absent.",1
Analysis of the document highlights that NLP advancements are driving improvements in speech-to-text applications...,0
The new software update rolled out last week with improved security features.,0
توضح المعلومات أن تقنيات NLP تعتمد على التعلم العميق والشبكات العصبية لتحليل وفهم النصوص...,0
افتتحوا ثلاثة متاجر جديدة في الغرب الأوسط الشهر الماضي.,0
لم يتم تحديد كيف سيتم دمج النموذج مع أنظمة السجلات الطبية الإلكترونية (EHR).,1
تشير الشرائح إلى أن دالة التنشيط softmax تحول المدخلات إلى متجه من القيم بين (0،1) والتي يبلغ مجموعها 1.,0
"According to the proposal, the project aims to optimize hospital resource management and reduce patient wait times.",0
"Based on the document, one hidden layer neural networks can be represented in Keras with a Sequential model that adds Dense layers with appropriate activations, as shown in the example code on slide 14.",0
لا أرى شيئًا عن تلك السياسة في الوثائق.,1
المقترح لا يناقش التحديات المحتملة لاستخدام الذكاء الاصطناعي في الرعاية الصحية.,1
The context specifies that the initial phase of the project will focus on user research...,0
توضح الشرائح أن تهيئة الأوزان بشكل عشوائي أفضل من تهيئتها بقيمة ثابتة، حيث أن التهيئة الثابتة تؤدي إلى انهيار الوحدات الخفية بسبب التماثل.,0
"Based on the slides, regularization can be added to the cost function with the term λΩ(θ) = λ(||W_h||^2 + ||W_o||^2), which helps prevent overfitting in neural networks.",0
لم يتم ذكر أي خطط لاختبار النظام في بيئات الرعاية الصحية الحقيقية.,1
وفقاً للمحاضرة، فإن آدم (Adam) هو خيار افتراضي جيد للمحسن مع معدل تعلم عالمي يبلغ 3e-4، ولكن SGD المضبوط جيداً مع جدولة معدل التعلم يمكن أن يعمم بشكل أفضل.,0
The document does not mention how NLP models handle low-resource languages.,1
The information confirms that NLP is crucial for developing chatbots capable of human-like conversations...,0
لا توجد معلومات في المواد المقدمة عن الشبكات العصبية التوليدية التنافسية (GANs).,1
تم إطلاق التحديث الجديد للبرنامج الأسبوع الماضي مع ميزات أمان محسنة.,0
The CEO stepped down in 2021 after 15 years with the company.,0
I don't see any information about how to handle missing data when training neural networks in the provided materials.,1
"The proposal outlines that the project will be completed in six weeks, with the final presentation scheduled for April 19, 2025.",0
The analysis shows a decline in errors after the system update...,0
The context doesn't provide information about ensemble methods or how to combine multiple neural networks for better performance.,1
The document does not specify how NLP is used in financial text analysis for risk assessment.,1
للأسف، السياق لا يوفر معلومات كافية لمعالجة سؤالك.,1
المقترح لا يتضمن أي تفاصيل حول استراتيجيات تسويق المشروع.,1
The document doesn't discuss any archaeological evidence of symbolic representations that might indicate language use.,1
The provided materials don’t offer any insight into this matter.,1
تشير الوثيقة إلى أنه حتى مع وجود قناة صوتية شبيهة بالقرود، من المحتمل أن يكون من الممكن إنتاج مجموعة من النطق كافية للاستخدام في اللغة، مع الإشارة إلى لغة روتوكاس التي تستخدم فقط 11 تباينًا صوتيًا.,0
لم يتم التطرق في المستند إلى كيفية تعامل NLP مع التباين اللغوي بين اللهجات المختلفة.,1
This particular document does not discuss generative adversarial networks or their training procedures.,1
"A leader’s role is to establish long-term vision, goals, and objectives for an organization.",0
The document specifies that NLP models rely on techniques such as tokenization and syntactic parsing...,0
وفقًا للمستند، يختلف الجهاز الصوتي البشري عن الرئيسيات الأخرى في أن البشر لديهم فجوة أكبر بين الحنجرة والحنك اللين مقارنة بالرئيسيات الأخرى، مما يزيد من خطر الاختناق بالطعام.,0
هذه المعلومة المحددة غير واردة في الوثيقة التي قدمتها.,1
"Unfortunately, this aspect is not covered within the scope of the provided context.",1
"According to the document, when initializing the learning rate for SGD, it's recommended to try a large value first (η = 0.1 or even η = 1) and then divide by 10 and retry in case of divergence.",0
لم يتم توضيح كيفية التعامل مع التحيزات في البيانات لضمان عدالة التنبؤات.,1
An analysis of the document shows that deep learning has significantly improved NLP accuracy in sentiment analysis...,0
لا تتناول الورقة أي أدلة تتعلق بتطور أنظمة الكتابة في المجتمعات البشرية المبكرة.,1
"Regrettably, the context does not supply sufficient information to address your question.",1
المستند يوضح أن القادة الناجحين لديهم القدرة على خلق رؤية وتحويلها إلى واقع.,0
The document does not examine the dependency of NLP models on high-quality labeled datasets.,1
أنهى الفريق النموذج الأولي قبل الموعد المحدد يوم الجمعة الماضي.,0
The specific details regarding NLP applications in finance are not covered in this text.,1
تضاعف الإنتاج بعد ترقية معدات المصنع.,0
The data shows that the product achieved a 27% increase in sales during Q3 of 2023...,0
آسف، لا أملك أي تفاصيل عن ذلك الحدث في المعلومات التي أعطيتني إياها.,1
The proposal does not provide information about potential challenges or risks in implementing the model.,1
One of the key objectives of the project is to provide data-driven recommendations to improve clinical outcomes.,0
The context indicates that NLP-powered voice assistants like Siri and Alexa have improved speech recognition accuracy...,0
لا يوجد ذكر لهذا الموضوع في النص المقدم.,1
No clue about that; it’s not mentioned anywhere in what you provided.,1
"Based on the lecture, for binary classification with logistic regression, the output follows a Bernoulli distribution with parameter b = f(x;θ), and uses binary cross-entropy as the loss function.",0
The report highlights that customer feedback improved by 30%...,0
The document is silent on the matter you are inquiring about.,1
"According to the slides, the pre-activation vector z(x) in the softmax function is often called 'the logits'.",0
يذكر السياق أن الهدف المركزي لهذه السياسة هو تحسين الكفاءة التشغيلية...,0
"Based on the document, Nesterov accelerated gradient is a variation of momentum where the gradient is computed at a look-ahead position: m_t = γm_{t-1} + η∇_θL_B_t(θ_{t-1} - γm_{t-1}).",0
"The document specifies that biases in neural networks can (and should) be initialized to zero, unlike weights which require random initialization.",0
Customer wait times shrank by 25% with the new system.,0
"The document shows that in the backpropagation process, the gradients for the hidden layer biases are computed after getting the gradients for the hidden layer pre-activations.",0
"According to the proposal, one of the main objectives is to optimize hospital resource management to reduce patient wait times.",0
كمسؤول دعم عملاء، أستطيع أن أقدم لك بعض النصائح حول التحديات التي قد تواجهها عند إنشاء متجر إلكتروني...,0
The context lacks sufficient data to provide a definitive answer to your question.,1
The document outlines that modern NLP applications leverage transformers for enhanced accuracy in text prediction...,0
"According to the slides, the backpropagation algorithm calculates gradients by first computing the partial derivatives of the loss with respect to the output, then using the chain rule to calculate gradients for each layer's weights and biases.",0
There's no information provided about NLP's dependence on pre-defined rules limiting adaptability.,1
السياق يشير إلى أن أحد الأهداف الرئيسية لمعالجة اللغة الطبيعية هو تحسين تفاعل المستخدم مع الأنظمة الذكية...,0
المستند لا يحتوي على أي معلومات حول تأثير القيادة على بيئة العمل.,1
The provided text does not address how leaders manage conflicts within teams.,1
لا توجد معلومات في المواد المقدمة حول كيفية التعامل مع بيانات التسلسل الزمني باستخدام الشبكات العصبية.,1
I can't find any information in the materials about recurrent neural networks or LSTM architectures.,1
المستند لا يذكر كيف سيتم قياس دقة التنبؤات ضد بيانات المرضى الفعلية.,1
يشير تحليل السياق إلى اتجاه إيجابي في نمو المبيعات هذا العام...,0
السياق المتاح لا يحتوي على أي تفاصيل حول تأثير معالجة اللغة الطبيعية في تحليل المشاعر للغات غير الإنجليزية.,1
"According to the lecture slides, SGD involves randomly selecting a small batch of samples (B ⊂ S) for each iteration, computing gradients on this batch, and updating parameters accordingly.",0
لا يوجد ذكر لهذا الموضوع في المواد المقدمة.,1
"The document notes that Lieberman and Crelin reconstructed the Neanderthal vocal tract and concluded they were not able to produce the complete range of sounds that modern humans can make, but their results have not been universally accepted.",0
"From the data, it’s clear that the project budget was $2 million...",0
"From the information given, we can understand that customer satisfaction rates have risen significantly...",0
"The event drew a crowd of over 10,000 people last weekend.",0
The context doesn’t include anything about this subject.,1
"According to the paper, MacLarnon and Hewitt proposed that the thoracic vertebral canal can be used as a fossil indication of speech evolution, as it relates to the control of intercostal muscles needed for the long and accurate outbreaths used in speech.",0
"Based on the information in the slides, the Nesterov accelerated gradient is a variation of momentum given by the formula m_t = γm_{t-1} + η∇_θL_B_t(θ_{t-1} - γm_{t-1}).",0
"Data visualization tools such as Matplotlib, Seaborn, and Tableau will be used in the project.",0
Our mission is to provide exceptional customer support and assist users ...,0
The context provided doesn't offer any details about transfer learning or pre-trained models.,1
The proposal highlights MLOps practices to ensure scalable and secure model deployment.,0
The document highlights that NLP-based chatbots are improving customer service interactions across industries...,0
I’ve got no info on that topic from what you shared.,1
"According to the document, a Mixture Density Network can be used for multimodal outputs, where Y|X=x follows a Gaussian Mixture Model with parameters predicted by the network.",0
The document does not mention the challenges of NLP in handling domain-specific jargon.,1
No idea—the info you gave me doesn’t touch on that.,1
The context mentions that the central aim of this policy is to improve operational efficiency...,0
"The paper argues that speech and language most likely evolved together, and it's unlikely that language evolved separately in the gestural modality before shifting to the vocal modality.",0
The document doesn't contain any discussion of how environmental pressures might have influenced the evolution of specific language features.,1
"The proposal outlines that the project will be completed in six weeks, with a final presentation scheduled for April 19, 2025.",0
I can’t find any reference to that in what you provided.,1
The documents specify that the project will be completed over a period of five years...,0
لا يوجد أي ذكر لكيفية ضمان الامتثال التنظيمي للمعايير الصحية العالمية.,1
"According to the slides, when initializing the weights, zero initialization should be avoided because it's a saddle point with no gradient, leading to no learning.",0
لا يمكنني الإجابة على سؤالك بناءً على النص المقدم لأنه غير مذكور.,1
المستند يوضح أن القيادة ليست مجرد وظيفة، بل هي القدرة على التأثير وتوجيه الآخرين.,0
السياق يفتقر إلى بيانات كافية لتقديم إجابة قاطعة لسؤالك.,1
لا يوجد في الوثيقة أي ذكر لمشاكل التلاشي أو تضخم التدرج (vanishing or exploding gradients) في الشبكات العصبية العميقة.,1
There is no discussion in the document regarding how leadership styles influence organizational success.,1
لا أستطيع مساعدتك هناك—السياق لا يغطيه.,1
I could not find any references to the impact of NLP on speech recognition systems.,1
The paper does not contain any discussion about the role of metaphor in language evolution or conceptual development.,1
"According to the text, the policy change resulted in higher productivity...",0
لا يوجد تفاصيل عن كيفية تحسين النموذج بعد نشره بناءً على التغذية الراجعة.,1
لا تتضمن المواد المقدمة معلومات عن استخدام الشبكات العصبية في الرؤية الحاسوبية أو التعرف على الصور.,1
An analysis of the context shows that transformer models have revolutionized machine translation...,0
The document doesn't provide any details about language acquisition in children or how it might relate to evolutionary development.,1
وفقاً للمحاضرة، يتم تحديث المعلمات في خوارزمية الانحدار التدريجي العشوائي باستخدام الصيغة: θ ← θ - ηΔ، حيث η هي معدل التعلم و Δ هي التدرجات.,0
"According to the document, when computing gradients for the output layer, ∇_{z_o(x)}l = f(x) - e(y), where e(y) is the one-hot encoding of the target class.",0
The team finished the prototype ahead of schedule last Friday.,0
تشير الورقة إلى أن الكلام واللغة على الأرجح تطورا معًا، ومن غير المحتمل أن تكون اللغة قد تطورت بشكل منفصل في الوضع الإيمائي قبل الانتقال إلى الوضع الصوتي.,0
السياق المورد غير كافٍ بالنسبة لي لصياغة رد على استفسارك.,1
The report indicates that the main factors contributing to the success were strategic partnerships...,0
"We offer a diverse range of advanced services tailored to large companies, aiming to enhance efficiency, boost productivity, and achieve sustainable success.  We also understand the challenges faced by small businesses and strive to provide innovative services to help them grow and thrive.  Furthermore, we recognize the unique challenges faced by home-based businesses and aim to deliver exceptional services to help them succeed and excel in the market.  Our services include mobile application development, search engine optimization, marketing strategy building, financial decision-making support, strategic and organizational planning, interactive chat development, cybersecurity solutions, and website development. We also specialize in artificial intelligence and information technology solutions.",0
I cannot answer your question based on the text provided as it is not mentioned.,1
The Healthcare Predictive Analytics project focuses on developing a machine learning-based predictive model to enhance healthcare decision-making.,0
The provided context doesn't contain information about how to handle class imbalance in neural network training.,1
لم أعثر على معلومات حول تقنيات اختيار النماذج أو التحقق المتقاطع في سياق الشبكات العصبية.,1
"Based on the document, the loss function for neural network classification is negative log-likelihood: l(f(x_s;θ),y_s) = -log f(x_s;θ)_y_s, and the cost function is the negative likelihood computed on the full training set.",0
"Based on the slides, better weight initialization methods include Xavier Glorot, Kaiming He, and orthogonal initialization, which help with training deeper networks.",0
There's no mention of this subject matter within the provided materials.,1
المستندات المقدمة لا تحتوي على المعلومات اللازمة للإجابة على هذا.,1
آسف، المواد لا تذكر شيئًا عن ذلك.,1
The context explains that the delay was due to supply chain issues...,0
لا شيء في النص يشرح لماذا اتُخذ ذلك القرار.,1
المحتوى لا يغطي التحديات التي تواجهها نماذج NLP في التعامل مع اللغة غير الرسمية واللهجات.,1
There is no information provided about the history of neural networks or when they were first developed.,1
لم أجد معلومات حول كيفية تحويل نماذج التعلم العميق إلى صيغة أخف للاستخدام على أجهزة محدودة الموارد.,1
لم أجد في المستند أي تحليل للتحديات التي تواجه NLP في تصنيف النصوص متعددة المواضيع.,1
There is no discussion in the text about NLP’s struggle with complex grammatical structures in certain languages.,1
The proposal highlights that reducing patient wait times is a key objective.,0
"تشير المحاضرة إلى أن التهيئة العشوائية للأوزان مثل w ~ N(0, 0.01) هي حل لمشكلة انهيار الوحدات الخفية التي تحدث عند التهيئة الثابتة.",0
"According to the slides, when initializing neural network weights, zero initialization is problematic because it's a saddle point with no gradient, while constant initialization causes hidden units to collapse by symmetry.",0
تشير الشرائح إلى أن هناك طرق تهيئة أفضل للأوزان مثل Xavier Glorot و Kaming He والتهيئة المتعامدة (orthogonal).,0
I couldn't find the answer to your question within the given material.,1
There is no information in the provided text about the challenges of NLP in low-resource languages.,1
وفقًا للورقة، يعارض المؤلف فرضية أن الأصوات استخدمت أولاً للموسيقى (في شكل أغنية) قبل اللغة، مشيرًا إلى أنه من غير المحتمل أن القدرات المعرفية الإضافية اللازمة للموسيقى لم تمنح أسلافنا أيضًا القدرة على استخدام لغة بسيطة.,0
"Michael Hammer states that without a leader, nothing happens.",0
I don't see any information about neural network applications in healthcare or medical diagnosis in the provided materials.,1
المستند لا يحتوي على أي إشارات إلى كيفية معالجة اللغة الطبيعية لللهجات المختلفة.,1
I can’t tell you what the budget was—those numbers aren’t in the data.,1
Warren Bennis describes leadership as the ability to create a compelling vision and translate it into action.,0
"According to the slides, when using SGD with momentum, larger updates occur in directions where the gradient sign is constant, helping to accelerate learning in low curvature areas.",0
المحتوى لا يتناول التحديات التي تواجهها NLP في فهم النكات والسخرية.,1
لا يتضمن المستند معلومات عن تقنيات تقليل الأبعاد مثل تحليل المكونات الرئيسية.,1
I am unable to locate the answer to your question within the given information.,1
The information shows that the project was funded by a grant...,0
I don't see any information about generative models like VAEs or how they differ from discriminative models in the provided context.,1
السياق الذي قدمته لي لا يتضمن المعلومات الضرورية للرد على هذا.,1
The context doesn't mention anything about this particular subject.,1
"Unfortunately, the context provided does not offer any details about this specific aspect.",1
لم أجد معلومات حول كيفية تقييم أداء نماذج الشبكات العصبية أو مقاييس الدقة المستخدمة.,1
The document does not cover batch normalization or other normalization techniques used in deep neural networks.,1
The provided data confirms that the service has received high ratings from its users...,0
The provided context doesn't contain information about model deployment or how to optimize neural networks for production environments.,1
المعلومات اللازمة للإجابة على سؤالك غير موجودة في السياق.,1
لا توجد معلومات في النص بخصوص لغات الإشارة أو تطورها جنبًا إلى جنب مع اللغات المنطوقة.,1
I’m unable to respond as the necessary information isn’t included.,1
المستند يشير إلى أن القيادة تعتمد على التأثير والتحفيز بدلاً من فرض السلطة.,0
The provided document does not discuss the ethical considerations of using AI-generated text in NLP applications.,1
"جذب الحدث حشدًا يزيد عن 10,000 شخص نهاية الأسبوع الماضي.",0
"Based on the slides, an artificial neuron computes the function f(x) = g(w^T*x + b), where g is the activation function, w represents the weights, and b is the bias.",0
The document does not discuss NLP’s difficulty in understanding sarcasm and humor in social media text.,1
The document doesn't provide information about how to deploy neural networks in resource-constrained environments like mobile devices.,1
The information provided doesn’t allow me to answer this.,1
There is no discussion in the document about how different populations might have developed distinct language families or linguistic structures.,1
